{
  "SignOut" : {
    "transaction" : "SignOut",
    "sampleCount" : 1392,
    "errorCount" : 0,
    "errorPct" : 0.0,
    "meanResTime" : 11.860632183908056,
    "medianResTime" : 9.0,
    "minResTime" : 3.0,
    "maxResTime" : 90.0,
    "pct1ResTime" : 21.0,
    "pct2ResTime" : 27.0,
    "pct3ResTime" : 56.069999999999936,
    "throughput" : 2.120848766113956,
    "receivedKBytesPerSec" : 4.185776715152642,
    "sentKBytesPerSec" : 0.43286854699005545
  },
  "Add Education" : {
    "transaction" : "Add Education",
    "sampleCount" : 1692,
    "errorCount" : 0,
    "errorPct" : 0.0,
    "meanResTime" : 593.3930260047284,
    "medianResTime" : 62.0,
    "minResTime" : 53.0,
    "maxResTime" : 167505.0,
    "pct1ResTime" : 223.4000000000001,
    "pct2ResTime" : 385.0,
    "pct3ResTime" : 1991.7799999999902,
    "throughput" : 2.5615715816947553,
    "receivedKBytesPerSec" : 0.5179123134836767,
    "sentKBytesPerSec" : 1.7936004141358783
  },
  "Delete Education" : {
    "transaction" : "Delete Education",
    "sampleCount" : 1692,
    "errorCount" : 0,
    "errorPct" : 0.0,
    "meanResTime" : 546.427895981087,
    "medianResTime" : 59.0,
    "minResTime" : 3.0,
    "maxResTime" : 167104.0,
    "pct1ResTime" : 147.70000000000005,
    "pct2ResTime" : 272.849999999999,
    "pct3ResTime" : 1740.0799999999972,
    "throughput" : 2.5616026064155126,
    "receivedKBytesPerSec" : 0.5453530076121382,
    "sentKBytesPerSec" : 1.530815874971992
  },
  "Add Certification" : {
    "transaction" : "Add Certification",
    "sampleCount" : 1692,
    "errorCount" : 0,
    "errorPct" : 0.0,
    "meanResTime" : 481.53782505910146,
    "medianResTime" : 61.0,
    "minResTime" : 52.0,
    "maxResTime" : 167284.0,
    "pct1ResTime" : 230.7000000000005,
    "pct2ResTime" : 809.3999999999996,
    "pct3ResTime" : 1609.4899999999996,
    "throughput" : 2.5615909720571604,
    "receivedKBytesPerSec" : 0.5180108553473212,
    "sentKBytesPerSec" : 1.6735394143615627
  },
  "Add Description" : {
    "transaction" : "Add Description",
    "sampleCount" : 1692,
    "errorCount" : 0,
    "errorPct" : 0.0,
    "meanResTime" : 860.1761229314432,
    "medianResTime" : 174.0,
    "minResTime" : 154.0,
    "maxResTime" : 166269.0,
    "pct1ResTime" : 703.0000000000009,
    "pct2ResTime" : 1729.6999999999998,
    "pct3ResTime" : 2739.9799999999927,
    "throughput" : 2.5610675352903605,
    "receivedKBytesPerSec" : 0.5502293532850383,
    "sentKBytesPerSec" : 1.7882453981763746
  },
  "Update Education" : {
    "transaction" : "Update Education",
    "sampleCount" : 1692,
    "errorCount" : 4,
    "errorPct" : 0.23640662,
    "meanResTime" : 427.4775413711586,
    "medianResTime" : 214.0,
    "minResTime" : 6.0,
    "maxResTime" : 154519.0,
    "pct1ResTime" : 395.70000000000005,
    "pct2ResTime" : 928.8999999999987,
    "pct3ResTime" : 2435.21,
    "throughput" : 2.561412591795305,
    "receivedKBytesPerSec" : 0.5493381196135779,
    "sentKBytesPerSec" : 1.9384271779954676
  },
  "Add Language" : {
    "transaction" : "Add Language",
    "sampleCount" : 1692,
    "errorCount" : 0,
    "errorPct" : 0.0,
    "meanResTime" : 623.6979905437358,
    "medianResTime" : 61.0,
    "minResTime" : 53.0,
    "maxResTime" : 167311.0,
    "pct1ResTime" : 221.70000000000005,
    "pct2ResTime" : 542.6999999999998,
    "pct3ResTime" : 4482.689999999875,
    "throughput" : 2.5615056566583254,
    "receivedKBytesPerSec" : 0.5179595992310941,
    "sentKBytesPerSec" : 1.5033836910660678
  },
  "Enable/Disable ShareSkill" : {
    "transaction" : "Enable/Disable ShareSkill",
    "sampleCount" : 1690,
    "errorCount" : 0,
    "errorPct" : 0.0,
    "meanResTime" : 11655.39704142013,
    "medianResTime" : 493.5,
    "minResTime" : 153.0,
    "maxResTime" : 172618.0,
    "pct1ResTime" : 28889.400000000172,
    "pct2ResTime" : 127098.4,
    "pct3ResTime" : 154432.9,
    "throughput" : 2.5018912225069543,
    "receivedKBytesPerSec" : 0.464218097926095,
    "sentKBytesPerSec" : 1.4073138126601616
  },
  "Add Skill" : {
    "transaction" : "Add Skill",
    "sampleCount" : 1692,
    "errorCount" : 0,
    "errorPct" : 0.0,
    "meanResTime" : 6429.79905437352,
    "medianResTime" : 68.0,
    "minResTime" : 55.0,
    "maxResTime" : 167137.0,
    "pct1ResTime" : 476.5000000000007,
    "pct2ResTime" : 51902.199999999975,
    "pct3ResTime" : 157966.49,
    "throughput" : 2.5609667498123168,
    "receivedKBytesPerSec" : 0.5178240216070218,
    "sentKBytesPerSec" : 1.558088169075267
  },
  "SearchSkill" : {
    "transaction" : "SearchSkill",
    "sampleCount" : 1648,
    "errorCount" : 0,
    "errorPct" : 0.0,
    "meanResTime" : 20774.458131067968,
    "medianResTime" : 10074.5,
    "minResTime" : 1256.0,
    "maxResTime" : 242901.0,
    "pct1ResTime" : 69606.40000000001,
    "pct2ResTime" : 98978.29999999999,
    "pct3ResTime" : 112661.18999999997,
    "throughput" : 2.3072701410122867,
    "receivedKBytesPerSec" : 16.10357392364728,
    "sentKBytesPerSec" : 1.6763759618292395
  },
  "Update Certification" : {
    "transaction" : "Update Certification",
    "sampleCount" : 1692,
    "errorCount" : 230,
    "errorPct" : 13.593381,
    "meanResTime" : 439.3067375886526,
    "medianResTime" : 116.0,
    "minResTime" : 5.0,
    "maxResTime" : 59773.0,
    "pct1ResTime" : 549.7,
    "pct2ResTime" : 1314.199999999999,
    "pct3ResTime" : 2932.259999999999,
    "throughput" : 2.561381571677054,
    "receivedKBytesPerSec" : 0.519718863016042,
    "sentKBytesPerSec" : 1.8106929733068313
  },
  "Delete Language" : {
    "transaction" : "Delete Language",
    "sampleCount" : 1692,
    "errorCount" : 3,
    "errorPct" : 0.17730497,
    "meanResTime" : 1180.156619385344,
    "medianResTime" : 59.0,
    "minResTime" : 5.0,
    "maxResTime" : 167592.0,
    "pct1ResTime" : 105.70000000000005,
    "pct2ResTime" : 202.0,
    "pct3ResTime" : 47680.16999999963,
    "throughput" : 2.5615521916259043,
    "receivedKBytesPerSec" : 0.4873964053111332,
    "sentKBytesPerSec" : 1.5283197137329172
  },
  "View ShareSkill" : {
    "transaction" : "View ShareSkill",
    "sampleCount" : 1690,
    "errorCount" : 0,
    "errorPct" : 0.0,
    "meanResTime" : 85.19940828402368,
    "medianResTime" : 4.0,
    "minResTime" : 1.0,
    "maxResTime" : 46818.0,
    "pct1ResTime" : 18.0,
    "pct2ResTime" : 34.899999999999636,
    "pct3ResTime" : 328.4499999999996,
    "throughput" : 2.5826683089788225,
    "receivedKBytesPerSec" : 0.44389611560573505,
    "sentKBytesPerSec" : 1.5460699935586113
  },
  "Total" : {
    "transaction" : "Total",
    "sampleCount" : 33490,
    "errorCount" : 247,
    "errorPct" : 0.73753357,
    "meanResTime" : 3556.964138548818,
    "medianResTime" : 163.0,
    "minResTime" : 1.0,
    "maxResTime" : 242901.0,
    "pct1ResTime" : 7656.8000000000175,
    "pct2ResTime" : 29453.9,
    "pct3ResTime" : 145373.7700000002,
    "throughput" : 46.6935943750183,
    "receivedKBytesPerSec" : 29.06865427351306,
    "sentKBytesPerSec" : 30.697305946740858
  },
  "SignIn" : {
    "transaction" : "SignIn",
    "sampleCount" : 1692,
    "errorCount" : 0,
    "errorPct" : 0.0,
    "meanResTime" : 256.40661938534294,
    "medianResTime" : 231.0,
    "minResTime" : 193.0,
    "maxResTime" : 2084.0,
    "pct1ResTime" : 309.70000000000005,
    "pct2ResTime" : 361.3499999999999,
    "pct3ResTime" : 726.4899999999996,
    "throughput" : 2.5594055886405958,
    "receivedKBytesPerSec" : 1.2297144039171612,
    "sentKBytesPerSec" : 0.8866557799909544
  },
  "Update Language" : {
    "transaction" : "Update Language",
    "sampleCount" : 1692,
    "errorCount" : 0,
    "errorPct" : 0.0,
    "meanResTime" : 1338.0786052009435,
    "medianResTime" : 227.0,
    "minResTime" : 56.0,
    "maxResTime" : 158593.0,
    "pct1ResTime" : 1103.9000000000008,
    "pct2ResTime" : 1592.0999999999995,
    "pct3ResTime" : 10449.43999999997,
    "throughput" : 2.5608892279191413,
    "receivedKBytesPerSec" : 0.5380355240136339,