{
  "SignOut" : {
    "transaction" : "SignOut",
    "sampleCount" : 1671,
    "errorCount" : 0,
    "errorPct" : 0.0,
    "meanResTime" : 13.684619988031121,
    "medianResTime" : 8.0,
    "minResTime" : 4.0,
    "maxResTime" : 182.0,
    "pct1ResTime" : 24.0,
    "pct2ResTime" : 43.0,
    "pct3ResTime" : 104.83999999999992,
    "throughput" : 2.300062491225076,
    "receivedKBytesPerSec" : 4.539478803482303,
    "sentKBytesPerSec" : 0.4694463483066805
  },
  "Add Education" : {
    "transaction" : "Add Education",
    "sampleCount" : 1741,
    "errorCount" : 0,
    "errorPct" : 0.0,
    "meanResTime" : 1211.072946582424,
    "medianResTime" : 64.0,
    "minResTime" : 53.0,
    "maxResTime" : 288464.0,
    "pct1ResTime" : 129.0,
    "pct2ResTime" : 198.49999999999932,
    "pct3ResTime" : 4825.939999999986,
    "throughput" : 2.2246983687249067,
    "receivedKBytesPerSec" : 0.449799163390103,
    "sentKBytesPerSec" : 1.5577233695075763
  },
  "Delete Education" : {
    "transaction" : "Delete Education",
    "sampleCount" : 1723,
    "errorCount" : 2,
    "errorPct" : 0.11607661,
    "meanResTime" : 1201.2222867092282,
    "medianResTime" : 60.0,
    "minResTime" : 3.0,
    "maxResTime" : 300343.0,
    "pct1ResTime" : 90.0,
    "pct2ResTime" : 146.39999999999986,
    "pct3ResTime" : 44023.159999999756,
    "throughput" : 2.2003422470819602,
    "receivedKBytesPerSec" : 0.4731188781830256,
    "sentKBytesPerSec" : 1.3134021099915716
  },
  "Add Certification" : {
    "transaction" : "Add Certification",
    "sampleCount" : 1715,
    "errorCount" : 0,
    "errorPct" : 0.0,
    "meanResTime" : 1714.6239067055392,
    "medianResTime" : 62.0,
    "minResTime" : 53.0,
    "maxResTime" : 276959.0,
    "pct1ResTime" : 117.0,
    "pct2ResTime" : 185.0,
    "pct3ResTime" : 51747.03999999939,
    "throughput" : 2.1931815711364515,
    "receivedKBytesPerSec" : 0.4435880070853192,
    "sentKBytesPerSec" : 1.4328500694241075
  },
  "Add Description" : {
    "transaction" : "Add Description",
    "sampleCount" : 1689,
    "errorCount" : 0,
    "errorPct" : 0.0,
    "meanResTime" : 3348.7122557726466,
    "medianResTime" : 177.0,
    "minResTime" : 155.0,
    "maxResTime" : 308556.0,
    "pct1ResTime" : 268.0,
    "pct2ResTime" : 488.0,
    "pct3ResTime" : 247594.2,
    "throughput" : 2.157446319312274,
    "receivedKBytesPerSec" : 0.4635138576647464,
    "sentKBytesPerSec" : 1.5064200374104257
  },
  "Update Education" : {
    "transaction" : "Update Education",
    "sampleCount" : 1735,
    "errorCount" : 4,
    "errorPct" : 0.23054755,
    "meanResTime" : 2575.397694524496,
    "medianResTime" : 127.0,
    "minResTime" : 5.0,
    "maxResTime" : 309250.0,
    "pct1ResTime" : 278.0,
    "pct2ResTime" : 380.59999999999945,
    "pct3ResTime" : 54855.639999999265,
    "throughput" : 2.214122913811278,
    "receivedKBytesPerSec" : 0.47669244811805933,
    "sentKBytesPerSec" : 1.675608152008152
  },
  "Add Language" : {
    "transaction" : "Add Language",
    "sampleCount" : 1763,
    "errorCount" : 0,
    "errorPct" : 0.0,
    "meanResTime" : 367.6018150879184,
    "medianResTime" : 63.0,
    "minResTime" : 52.0,
    "maxResTime" : 67105.0,
    "pct1ResTime" : 157.60000000000014,
    "pct2ResTime" : 245.0,
    "pct3ResTime" : 4043.0399999997685,
    "throughput" : 2.250216980650431,
    "receivedKBytesPerSec" : 0.4550959740516669,
    "sentKBytesPerSec" : 1.3206839896200286
  },
  "Enable/Disable ShareSkill" : {
    "transaction" : "Enable/Disable ShareSkill",
    "sampleCount" : 1671,
    "errorCount" : 0,
    "errorPct" : 0.0,
    "meanResTime" : 8840.268701376424,
    "medianResTime" : 2866.0,
    "minResTime" : 160.0,
    "maxResTime" : 114163.0,
    "pct1ResTime" : 25342.399999999965,
    "pct2ResTime" : 51348.99999999999,
    "pct3ResTime" : 66295.56,
    "throughput" : 2.299467448292945,
    "receivedKBytesPerSec" : 0.42665899919497996,
    "sentKBytesPerSec" : 1.2934504396647812
  },
  "Add Skill" : {
    "transaction" : "Add Skill",
    "sampleCount" : 2171,
    "errorCount" : 65,
    "errorPct" : 2.9940119,
    "meanResTime" : 31656.37171810228,
    "medianResTime" : 72.0,
    "minResTime" : 55.0,
    "maxResTime" : 299344.0,
    "pct1ResTime" : 172588.8,
    "pct2ResTime" : 249890.20000000007,
    "pct3ResTime" : 257445.52000000002,
    "throughput" : 2.770114913196261,
    "receivedKBytesPerSec" : 0.7137166862101613,
    "sentKBytesPerSec" : 1.6348744955162673
  },
  "SearchSkill" : {
    "transaction" : "SearchSkill",
    "sampleCount" : 1671,
    "errorCount" : 0,
    "errorPct" : 0.0,
    "meanResTime" : 36163.62417713952,
    "medianResTime" : 30097.0,
    "minResTime" : 1305.0,
    "maxResTime" : 180434.0,
    "pct1ResTime" : 95931.0,
    "pct2ResTime" : 102925.2,
    "pct3ResTime" : 141084.75999999998,
    "throughput" : 2.2957837814073114,
    "receivedKBytesPerSec" : 16.023404966521536,
    "sentKBytesPerSec" : 1.6680304036787497
  },
  "Update Certification" : {
    "transaction" : "Update Certification",
    "sampleCount" : 1706,
    "errorCount" : 230,
    "errorPct" : 13.481829,
    "meanResTime" : 2199.6787807737396,
    "medianResTime" : 118.0,
    "minResTime" : 4.0,
    "maxResTime" : 309902.0,
    "pct1ResTime" : 196.5999999999999,
    "pct2ResTime" : 292.64999999999986,
    "pct3ResTime" : 13750.780000000079,
    "throughput" : 2.178262573848336,
    "receivedKBytesPerSec" : 0.44224761249781347,
    "sentKBytesPerSec" : 1.5397406035293983
  },
  "Delete Language" : {
    "transaction" : "Delete Language",
    "sampleCount" : 1753,
    "errorCount" : 11,
    "errorPct" : 0.6274957,
    "meanResTime" : 1853.093553907587,
    "medianResTime" : 60.0,
    "minResTime" : 6.0,
    "maxResTime" : 309191.0,
    "pct1ResTime" : 96.60000000000014,
    "pct2ResTime" : 134.29999999999995,
    "pct3ResTime" : 26971.720000001747,
    "throughput" : 2.2377933034705584,
    "receivedKBytesPerSec" : 0.42743129644250866,
    "sentKBytesPerSec" : 1.334334521376479
  },
  "View ShareSkill" : {
    "transaction" : "View ShareSkill",
    "sampleCount" : 1673,
    "errorCount" : 0,
    "errorPct" : 0.0,
    "meanResTime" : 545.5570830842797,
    "medianResTime" : 9.0,
    "minResTime" : 2.0,
    "maxResTime" : 192107.0,
    "pct1ResTime" : 27.0,
    "pct2ResTime" : 51.0,
    "pct3ResTime" : 3603.7799999999997,
    "throughput" : 2.2069289389987956,
    "receivedKBytesPerSec" : 0.379315911390418,
    "sentKBytesPerSec" : 1.32114007774049
  },
  "Total" : {
    "transaction" : "Total",
    "sampleCount" : 35485,
    "errorCount" : 340,
    "errorPct" : 0.95815134,
    "meanResTime" : 6783.467634211644,
    "medianResTime" : 121.0,
    "minResTime" : 1.0,
    "maxResTime" : 323374.0,
    "pct1ResTime" : 23791.500000000007,
    "pct2ResTime" : 50503.0,
    "pct3ResTime" : 248000.3400000001,
    "throughput" : 45.20508855025236,
    "receivedKBytesPerSec" : 28.28400699406544,
    "sentKBytesPerSec" : 29.232277001314053
  },
  "SignIn" : {
    "transaction" : "SignIn",
    "sampleCount" : 2171,
    "errorCount" : 0,
    "errorPct" : 0.0,
    "meanResTime" : 417.75863657300783,
    "medianResTime" : 254.0,
    "minResTime" : 190.0,
    "maxResTime" : 4674.0,
    "pct1ResTime" : 596.5999999999999,
    "pct2ResTime" : 1369.2000000000012,
    "pct3ResTime" : 3169.5600000000054,
    "throughput" : 2.968807690729826,
    "receivedKBytesPerSec" : 1.4264193201553461,
    "sentKBytesPerSec" : 1.0285041883469854
  },
  "Update Language" : {
    "transaction" : "Update Language",
    "sampleCount" : 1759,
    "errorCount" : 0,
    "errorPct" : 0.0,
    "meanResTime" : 2006.064809550881,
    "medianResTime" : 232.0,
    "minResTime" : 57.0,
    "maxResTime" : 308595.0,
    "pct1ResTime" : 452.0,
    "pct2ResTime" : 763.0,
    "pct3ResTime" : 17562.60000000112,
    "throughput" : 2.2437455115522917,
    "receivedKBytesPerSec" : 0.47144894825226386,
    "sentKBytesPerSec" : 1.4000003049433833
  },
  "Delete Certification" : {
    "transaction" : "Delete Certification",