{
  "SignOut" : {
    "transaction" : "SignOut",
    "sampleCount" : 1033,
    "errorCount" : 0,
    "errorPct" : 0.0,
    "meanResTime" : 35.1055179090029,
    "medianResTime" : 16.0,
    "minResTime" : 7.0,
    "maxResTime" : 1406.0,
    "pct1ResTime" : 31.0,
    "pct2ResTime" : 42.0,
    "pct3ResTime" : 1202.4199999999987,
    "throughput" : 5.271591581783666,
    "receivedKBytesPerSec" : 10.40418611990702,
    "sentKBytesPerSec" : 1.0759400787038929
  },
  "Add Education" : {
    "transaction" : "Add Education",
    "sampleCount" : 1129,
    "errorCount" : 0,
    "errorPct" : 0.0,
    "meanResTime" : 69.63773250664302,
    "medianResTime" : 61.0,
    "minResTime" : 54.0,
    "maxResTime" : 471.0,
    "pct1ResTime" : 75.0,
    "pct2ResTime" : 120.5,
    "pct3ResTime" : 234.0,
    "throughput" : 5.536865026041411,
    "receivedKBytesPerSec" : 1.1194984990019912,
    "sentKBytesPerSec" : 3.8768869371793864
  },
  "Delete Education" : {
    "transaction" : "Delete Education",
    "sampleCount" : 1129,
    "errorCount" : 0,
    "errorPct" : 0.0,
    "meanResTime" : 63.2400354295837,
    "medianResTime" : 59.0,
    "minResTime" : 4.0,
    "maxResTime" : 246.0,
    "pct1ResTime" : 68.0,
    "pct2ResTime" : 95.5,
    "pct3ResTime" : 172.0,
    "throughput" : 5.543988529001592,
    "receivedKBytesPerSec" : 1.1802919555695233,
    "sentKBytesPerSec" : 3.3130541226355796
  },
  "Add Certification" : {
    "transaction" : "Add Certification",
    "sampleCount" : 1129,
    "errorCount" : 0,
    "errorPct" : 0.0,
    "meanResTime" : 70.04605845881304,
    "medianResTime" : 60.0,
    "minResTime" : 52.0,
    "maxResTime" : 666.0,
    "pct1ResTime" : 72.0,
    "pct2ResTime" : 113.0,
    "pct3ResTime" : 239.90000000000123,
    "throughput" : 5.545649685877505,
    "receivedKBytesPerSec" : 1.1210444189225033,
    "sentKBytesPerSec" : 3.623085585793018
  },
  "Add Description" : {
    "transaction" : "Add Description",
    "sampleCount" : 1128,
    "errorCount" : 0,
    "errorPct" : 0.0,
    "meanResTime" : 181.76329787234047,
    "medianResTime" : 173.0,
    "minResTime" : 156.0,
    "maxResTime" : 628.0,
    "pct1ResTime" : 190.0,
    "pct2ResTime" : 248.0999999999999,
    "pct3ResTime" : 408.97000000000025,
    "throughput" : 5.5451774653426416,
    "receivedKBytesPerSec" : 1.191346721069708,
    "sentKBytesPerSec" : 3.871876843476551
  },
  "Update Education" : {
    "transaction" : "Update Education",
    "sampleCount" : 1129,
    "errorCount" : 3,
    "errorPct" : 0.2657219,
    "meanResTime" : 202.22497785651026,
    "medianResTime" : 223.0,
    "minResTime" : 4.0,
    "maxResTime" : 682.0,
    "pct1ResTime" : 250.0,
    "pct2ResTime" : 293.5,
    "pct3ResTime" : 448.00000000000045,
    "throughput" : 5.540397298994974,
    "receivedKBytesPerSec" : 1.182364459013819,
    "sentKBytesPerSec" : 4.192826735913454
  },
  "Add Language" : {
    "transaction" : "Add Language",
    "sampleCount" : 1130,
    "errorCount" : 0,
    "errorPct" : 0.0,
    "meanResTime" : 67.27522123893809,
    "medianResTime" : 61.0,
    "minResTime" : 53.0,
    "maxResTime" : 470.0,
    "pct1ResTime" : 72.0,
    "pct2ResTime" : 114.80000000000018,
    "pct3ResTime" : 187.69000000000005,
    "throughput" : 5.53035085916203,
    "receivedKBytesPerSec" : 1.1182863437039647,
    "sentKBytesPerSec" : 3.245840689801152
  },
  "Enable/Disable ShareSkill" : {
    "transaction" : "Enable/Disable ShareSkill",
    "sampleCount" : 1124,
    "errorCount" : 0,
    "errorPct" : 0.0,
    "meanResTime" : 801.4466192170817,
    "medianResTime" : 388.5,
    "minResTime" : 154.0,
    "maxResTime" : 8860.0,
    "pct1ResTime" : 2275.5,
    "pct2ResTime" : 3033.5,
    "pct3ResTime" : 4097.5,
    "throughput" : 5.635441108637667,
    "receivedKBytesPerSec" : 1.0456384869542548,
    "sentKBytesPerSec" : 3.169935623608688
  },
  "Add Skill" : {
    "transaction" : "Add Skill",
    "sampleCount" : 1131,
    "errorCount" : 0,
    "errorPct" : 0.0,
    "meanResTime" : 337.4456233421751,
    "medianResTime" : 73.0,
    "minResTime" : 60.0,
    "maxResTime" : 15205.0,
    "pct1ResTime" : 102.60000000000014,
    "pct2ResTime" : 134.79999999999973,
    "pct3ResTime" : 15014.400000000012,
    "throughput" : 5.144042280298,
    "receivedKBytesPerSec" : 1.0401177236930674,
    "sentKBytesPerSec" : 3.12962728576724
  },
  "SearchSkill" : {
    "transaction" : "SearchSkill",
    "sampleCount" : 1119,
    "errorCount" : 0,
    "errorPct" : 0.0,
    "meanResTime" : 7105.2529043789145,
    "medianResTime" : 6860.0,
    "minResTime" : 1296.0,
    "maxResTime" : 21172.0,
    "pct1ResTime" : 11367.0,
    "pct2ResTime" : 12154.0,
    "pct3ResTime" : 13415.399999999994,
    "throughput" : 5.501529021917619,
    "receivedKBytesPerSec" : 38.39787882777854,
    "sentKBytesPerSec" : 3.9972046799870204
  },
  "Update Certification" : {
    "transaction" : "Update Certification",
    "sampleCount" : 1129,
    "errorCount" : 126,
    "errorPct" : 11.160319,
    "meanResTime" : 121.66784765279016,
    "medianResTime" : 116.0,
    "minResTime" : 103.0,
    "maxResTime" : 580.0,
    "pct1ResTime" : 133.0,
    "pct2ResTime" : 163.5,
    "pct3ResTime" : 222.3000000000004,
    "throughput" : 5.5472845820865455,
    "receivedKBytesPerSec" : 1.1403377551308698,
    "sentKBytesPerSec" : 3.922103552178378
  },
  "Delete Language" : {
    "transaction" : "Delete Language",
    "sampleCount" : 1129,
    "errorCount" : 2,
    "errorPct" : 0.17714792,
    "meanResTime" : 64.97165633303803,
    "medianResTime" : 59.0,
    "minResTime" : 4.0,
    "maxResTime" : 337.0,
    "pct1ResTime" : 69.0,
    "pct2ResTime" : 115.5,
    "pct3ResTime" : 186.0,
    "throughput" : 5.53344573400251,
    "receivedKBytesPerSec" : 1.0528995221950477,
    "sentKBytesPerSec" : 3.3014649279892367
  },
  "View ShareSkill" : {
    "transaction" : "View ShareSkill",
    "sampleCount" : 1124,
    "errorCount" : 0,
    "errorPct" : 0.0,
    "meanResTime" : 7.515124555160136,
    "medianResTime" : 4.0,
    "minResTime" : 1.0,
    "maxResTime" : 148.0,
    "pct1ResTime" : 7.0,
    "pct2ResTime" : 29.0,
    "pct3ResTime" : 104.0,
    "throughput" : 5.638409406712917,
    "receivedKBytesPerSec" : 0.9691016167787827,
    "sentKBytesPerSec" : 3.3753368811670104
  },
  "Total" : {
    "transaction" : "Total",
    "sampleCount" : 22465,
    "errorCount" : 131,
    "errorPct" : 0.5831293,
    "meanResTime" : 590.063788114845,
    "medianResTime" : 112.0,
    "minResTime" : 1.0,
    "maxResTime" : 21172.0,
    "pct1ResTime" : 890.9000000000015,
    "pct2ResTime" : 3643.9000000000015,
    "pct3ResTime" : 10259.960000000006,
    "throughput" : 98.44779834525312,
    "receivedKBytesPerSec" : 62.46780483238895,
    "sentKBytesPerSec" : 64.51007745122529
  },
  "SignIn" : {
    "transaction" : "SignIn",
    "sampleCount" : 1133,
    "errorCount" : 0,
    "errorPct" : 0.0,
    "meanResTime" : 256.2797881729921,
    "medianResTime" : 235.0,
    "minResTime" : 202.0,
    "maxResTime" : 2474.0,
    "pct1ResTime" : 270.0,
    "pct2ResTime" : 299.29999999999995,
    "pct3ResTime" : 796.6600000000001,
    "throughput" : 5.064139811379788,
    "receivedKBytesPerSec" : 2.433160924998883,
    "sentKBytesPerSec" : 1.754220174708354
  },
  "Update Language" : {
    "transaction" : "Update Language",
    "sampleCount" : 1130,
    "errorCount" : 0,
    "errorPct" : 0.0,
    "meanResTime" : 237.45663716814155,
    "medianResTime" : 226.0,
    "minResTime" : 55.0,
    "maxResTime" : 719.0,
    "pct1ResTime" : 255.89999999999998,
    "pct2ResTime" : 345.45000000000005,
    "pct3ResTime" : 471.66000000000076,
    "throughput" : 5.530107274293321,
    "receivedKBytesPerSec" : 1.161541414936673,
    "sentKBytesPerSec" : 3.450687149474395
  },
  "Delete Certification" : {
    "transaction" : "Delete Certification",
    "sampleCount" : 1128,
    "errorCount" : 0,
    "errorPct" : 0.0,
    "meanResTime" : 64.44414893617021,
    "medianResTime" : 59.0,
    "minResTime" : 51.0,
    "maxResTime" : 444.0,